Date,Price,volume,price_eth
2021-07-05 00:00:00+00:00,34982.97920322699,25222020368.0,2316.836619334487
2021-07-05 00:15:00+00:00,34954.784191404855,25341857369.0,2316.3431212725955
2021-07-05 00:30:00+00:00,34895.38220091057,25341362403.0,2313.6418147807444
2021-07-05 00:45:00+00:00,34860.5125982775,25397406489.0,2310.8155886836284
2021-07-05 01:00:00+00:00,34909.56435251297,25361357093.0,2318.205615538653
2021-07-05 01:15:00+00:00,34664.619336628515,25313816754.0,2288.5477272053995
2021-07-05 01:30:00+00:00,34588.695552834455,25474230661.0,2271.547853926052
2021-07-05 01:45:00+00:00,34569.19991966428,24984470619.0,2268.6964254009927
2021-07-05 02:00:00+00:00,34581.05646828011,24976743951.0,2272.346680400253
2021-07-05 02:15:00+00:00,34450.144542322385,25201065655.0,2260.818362441947
2021-07-05 02:30:00+00:00,34503.47327873059,25332045568.0,2264.366469570468
2021-07-05 02:45:00+00:00,34420.03344594819,25366364043.0,2255.364939938267
2021-07-05 03:00:00+00:00,34436.0373183198,25449532512.0,2258.997223431896
2021-07-05 03:15:00+00:00,34410.19865711164,25461936230.0,2258.1009743422064
2021-07-05 03:30:00+00:00,34362.088359203764,26010678623.0,2257.3091063343986
2021-07-05 03:45:00+00:00,34386.897465145936,26252707699.0,2266.2527163198297
2021-07-05 04:00:00+00:00,34184.788590523654,26306008578.0,2257.0620346885103
2021-07-05 04:15:00+00:00,34209.259256087425,26468176800.0,2261.1488996573657
2021-07-05 04:30:00+00:00,34366.08657519228,26693301555.0,2273.2270845096227
2021-07-05 04:45:00+00:00,34181.25759841909,26696078660.0,2261.661934581294
2021-07-05 05:00:00+00:00,34185.564276748904,26753104934.0,2262.0701760818124
2021-07-05 05:15:00+00:00,34134.32921069215,26712647858.0,2256.0400229521683
2021-07-05 05:30:00+00:00,34202.335663810496,26801450206.0,2262.504196566665
2021-07-05 05:45:00+00:00,34333.56927435889,26648543318.0,2270.0918853275266
2021-07-05 06:00:00+00:00,34323.21020480425,26432064994.0,2275.256352894531
2021-07-05 06:15:00+00:00,34325.424345755426,26445355937.0,2280.976230384244
2021-07-05 06:30:00+00:00,34328.69071053922,26460228303.0,2281.863994654229
2021-07-05 06:45:00+00:00,34304.19956298872,26284787045.0,2287.3516117653216
2021-07-05 07:00:00+00:00,34171.976610526486,25629293913.0,2276.2720931189306
2021-07-05 07:15:00+00:00,34138.16999505036,25869875822.0,2262.844993650405
2021-07-05 07:30:00+00:00,34208.33475953046,25757772339.0,2271.4565172583966
2021-07-05 07:45:00+00:00,34280.10076008593,25496134608.0,2274.4326976979664
2021-07-05 08:00:00+00:00,34234.69207652906,25188597910.0,2271.59543811213
2021-07-05 08:15:00+00:00,34189.64941454684,24527926382.0,2266.247081973536
2021-07-05 08:30:00+00:00,34231.457796393384,24370750032.0,2267.887592514985
2021-07-05 08:45:00+00:00,34276.75254218619,24625191474.0,2275.8209920846875
2021-07-05 09:00:00+00:00,34403.57037189098,24692110856.0,2285.328472327265
2021-07-05 09:15:00+00:00,34379.63120484439,24676985307.0,2282.979933560629
2021-07-05 09:30:00+00:00,34307.75844390766,25026525439.0,2276.993276431632
2021-07-05 09:45:00+00:00,34323.894458296294,25026415237.0,2280.3310803357367
2021-07-05 10:00:00+00:00,34357.97193361704,24911231860.0,2288.4571293679696
2021-07-05 10:15:00+00:00,34405.871903328945,25026487085.0,2299.251503490173
2021-07-05 10:30:00+00:00,34442.77526491447,24649107471.0,2297.634051751903
2021-07-05 10:45:00+00:00,34466.98665753997,24321248435.0,2301.867732288328
2021-07-05 11:00:00+00:00,34287.551464202006,24384668414.0,2289.077157489465
2021-07-05 11:15:00+00:00,33748.6729896089,24711551868.0,2238.5117218903133
2021-07-05 11:30:00+00:00,33648.37873845219,25210783127.0,2228.405831711621
2021-07-05 11:45:00+00:00,33461.19987832977,25496526967.0,2198.159120411976
2021-07-05 12:00:00+00:00,33539.476188793684,25874516283.0,2209.176475276459
2021-07-05 12:15:00+00:00,33521.418586275184,26061335543.0,2213.702129686851
2021-07-05 12:30:00+00:00,33539.83835046928,26289262000.0,2215.2443162039344
2021-07-05 12:45:00+00:00,33493.015772215935,26420157992.0,2212.162289777455
2021-07-05 13:00:00+00:00,33683.844407491895,26464932990.0,2227.81045466544
2021-07-05 13:15:00+00:00,33646.07545422883,26529068850.0,2222.852672031522
2021-07-05 13:30:00+00:00,33704.35619045512,26646356760.0,2229.9815112070646
2021-07-05 13:45:00+00:00,33658.33742548456,27248255827.0,2228.448995186666
2021-07-05 14:00:00+00:00,33666.89632062994,27323278572.0,2226.057336299945
2021-07-05 14:15:00+00:00,33680.14246927177,27339974513.0,2222.507860658826
2021-07-05 14:30:00+00:00,33705.92748935794,27605728005.0,2225.201248980035
2021-07-05 14:45:00+00:00,33742.691292915086,27613255202.0,2230.04137987298
2021-07-05 15:00:00+00:00,33724.63572077546,27546212595.0,2223.7486410984
2021-07-05 15:15:00+00:00,33688.21248893086,27540657318.0,2215.6735736621463
2021-07-05 15:30:00+00:00,33648.08162602296,27651751841.0,2219.332750637496
2021-07-05 15:45:00+00:00,33646.18947136469,27603123006.0,2210.530606179372
2021-07-05 16:00:00+00:00,33734.00049805841,27686776076.0,2220.579379723356
2021-07-05 16:15:00+00:00,33684.27219878359,27587922689.0,2220.7065910895108
2021-07-05 16:30:00+00:00,33642.90107626097,27489175423.0,2215.39065125565
2021-07-05 16:45:00+00:00,33679.77818503381,27473425901.0,2215.6410373969047
2021-07-05 17:00:00+00:00,33662.13856646834,27368655969.0,2215.4433567629726
2021-07-05 17:15:00+00:00,33630.00195655687,27269276378.0,2207.8285892515564
2021-07-05 17:30:00+00:00,33213.66103396645,27310711654.0,2163.0413939078894
2021-07-05 17:45:00+00:00,33726.33720666555,27844277715.0,2212.604896808653
2021-07-05 18:00:00+00:00,33841.769332814685,28202187623.0,2219.877104320556
2021-07-05 18:15:00+00:00,34181.34089528551,28487916789.0,2239.4955419555645
2021-07-05 18:30:00+00:00,34042.43312454174,28544780019.0,2227.062786979724
2021-07-05 18:45:00+00:00,34023.913449142914,28541536880.0,2227.50219291877
2021-07-05 19:00:00+00:00,34193.44059054417,28640572033.0,2241.078966872501
2021-07-05 19:15:00+00:00,34146.76379794613,28688379165.0,2244.4246788980854
2021-07-05 19:30:00+00:00,34188.57482972509,28791295143.0,2250.2253805836463
2021-07-05 19:45:00+00:00,34129.83716035745,28764378763.0,2245.699884151609
2021-07-05 20:00:00+00:00,34156.530264440626,28750657632.0,2241.714165793984
2021-07-05 20:15:00+00:00,33959.55379894158,28320798210.0,2226.274684266369
2021-07-05 20:30:00+00:00,33856.15816198412,28351381395.0,2217.124285094045
2021-07-05 20:45:00+00:00,33858.29956175858,28797482988.0,2216.446530813052
2021-07-05 21:00:00+00:00,34091.0187072935,28828741759.0,2232.70072160706
2021-07-05 21:15:00+00:00,34044.42253401447,28710259312.0,2230.483819813896
2021-07-05 21:30:00+00:00,34079.36961186959,28548076438.0,2234.890117997656
2021-07-05 21:45:00+00:00,34174.569772046605,28373040942.0,2245.555477556948
2021-07-05 22:00:00+00:00,34149.94107609353,28252542256.0,2238.9833521683686
2021-07-05 22:15:00+00:00,34127.43685181614,28187352135.0,2241.0028108378388
2021-07-05 22:30:00+00:00,34109.008356414786,28013276856.0,2237.670627756239
2021-07-05 22:45:00+00:00,34008.5614925874,27813431716.0,2231.67641214508
2021-07-05 23:00:00+00:00,34094.913595704915,27576359449.0,2238.3545809234192
2021-07-05 23:15:00+00:00,34050.02138364452,26993105011.0,2237.7797452043446
2021-07-05 23:30:00+00:00,33886.0774397138,26880711646.0,2215.413722182476
2021-07-05 23:45:00+00:00,33746.00245614429,26721554282.0,2198.5824638731824
2021-07-06 00:00:00+00:00,34070.38111516407,26929374574.0,2227.4786536642146
2021-07-06 00:15:00+00:00,34066.38597141118,26816283152.0,2222.9642634217626
2021-07-06 00:30:00+00:00,34125.23550536524,26909898419.0,2242.227155076894
2021-07-06 00:45:00+00:00,34066.90328679496,26831718884.0,2239.571508924105
2021-07-06 01:00:00+00:00,33963.26695468995,26670308803.0,2230.7079466596124
2021-07-06 01:15:00+00:00,33916.94308574463,26540678292.0,2232.967183555066
2021-07-06 01:30:00+00:00,33917.09802592843,26637425959.0,2232.7408418927625
2021-07-06 01:45:00+00:00,33813.81063720055,26488288498.0,2221.279274907269
2021-07-06 02:00:00+00:00,33764.93649553587,26357213782.0,2218.1677139554
2021-07-06 02:15:00+00:00,33799.33009193346,26108599717.0,2216.002588801862
2021-07-06 02:30:00+00:00,33874.842059426825,26132649956.0,2222.129449612721
2021-07-06 02:45:00+00:00,33951.67465332195,26019131210.0,2237.017404111274
2021-07-06 03:00:00+00:00,33912.55249702284,25878077244.0,2233.5272114684885
2021-07-06 03:15:00+00:00,33978.74773579847,25867764304.0,2243.327098396332
2021-07-06 03:30:00+00:00,33983.74487824252,25791074791.0,2237.9108130154573
2021-07-06 03:45:00+00:00,33949.050022086805,25593010772.0,2239.48782311984
2021-07-06 04:00:00+00:00,34508.15691342841,26009876174.0,2286.7903061328307
2021-07-06 04:15:00+00:00,34651.45266172311,26059693941.0,2299.6250598491883
2021-07-06 04:30:00+00:00,34630.994426359546,26118435620.0,2309.821269747678
2021-07-06 04:45:00+00:00,34640.83850704948,26272994127.0,2313.871010532172
2021-07-06 05:00:00+00:00,34687.86928374148,26214258993.0,2314.349190187237
2021-07-06 05:15:00+00:00,34779.05485167476,26338366484.0,2323.248568462167
2021-07-06 05:30:00+00:00,34801.336700446336,26208515584.0,2320.395050211635
2021-07-06 05:45:00+00:00,34779.430996793526,26155391112.0,2320.106790958569
2021-07-06 06:00:00+00:00,34747.0143624813,26026971790.0,2324.8352277742288
2021-07-06 06:15:00+00:00,34753.018373536834,26001926700.0,2330.547409372804
2021-07-06 06:30:00+00:00,34748.1463072041,25935852030.0,2329.7149425719194
2021-07-06 06:45:00+00:00,34693.561587727294,25877066605.0,2318.143899379504
2021-07-06 07:00:00+00:00,34734.80502800474,25803904363.0,2321.555141281385
2021-07-06 07:15:00+00:00,34761.915460949764,25756513531.0,2327.4835945584477
2021-07-06 07:30:00+00:00,34800.25893506728,25759222613.0,2326.685503343482
2021-07-06 07:45:00+00:00,34896.19030682854,25838628769.0,2340.0225155155517
2021-07-06 08:00:00+00:00,34802.97726498755,25820107567.0,2338.1079625656894
2021-07-06 08:15:00+00:00,34911.33218389207,25669810409.0,2342.879827214474
2021-07-06 08:30:00+00:00,34840.13115649574,25639979051.0,2340.6355505356514
2021-07-06 08:45:00+00:00,35038.53636342224,25707092147.0,2346.2948743143834
2021-07-06 09:00:00+00:00,34506.56934331224,25678501218.0,2298.0546011492547
2021-07-06 09:15:00+00:00,34230.873661708814,25958305789.0,2270.359855481671
2021-07-06 09:30:00+00:00,34152.07082720293,26154764049.0,2264.1328581008643
2021-07-06 09:45:00+00:00,34249.15110756522,26323438642.0,2282.338632819861
2021-07-06 10:00:00+00:00,33856.700252014256,26313492530.0,2262.5254459552143
2021-07-06 10:15:00+00:00,33952.600219889566,26974140056.0,2273.4344815738336
2021-07-06 10:30:00+00:00,33913.46788949544,27036834623.0,2269.3521663554666
2021-07-06 10:45:00+00:00,33919.34195242131,27092552968.0,2269.1176991163675
2021-07-06 11:00:00+00:00,33932.94968143578,26864344696.0,2270.930255270112
2021-07-06 11:15:00+00:00,33856.97828971966,26207128219.0,2266.149321621415
2021-07-06 11:30:00+00:00,33960.53214162923,25776855329.0,2278.681516601996
2021-07-06 11:45:00+00:00,34130.25159918815,25738740885.0,2298.061108690289
2021-07-06 12:00:00+00:00,34139.60583453608,25586999231.0,2315.877997281673
2021-07-06 12:15:00+00:00,34217.3115485063,25611112097.0,2322.780896913732
2021-07-06 12:30:00+00:00,34225.98643532016,24973448483.0,2324.6054383869487
2021-07-06 12:45:00+00:00,34384.593006747426,25209723786.0,2326.993415994926
2021-07-06 13:00:00+00:00,34446.47569734556,25681223263.0,2324.97763962282
2021-07-06 13:15:00+00:00,34316.048099058935,25545146214.0,2324.7401880085395
2021-07-06 13:30:00+00:00,34133.70999026361,25491269885.0,2308.027796805624
2021-07-06 13:45:00+00:00,34166.69704703274,25545837788.0,2303.000349780909
2021-07-06 14:00:00+00:00,34130.288618953135,25523815841.0,2297.388304198652
2021-07-06 14:15:00+00:00,34086.21312694258,25598795260.0,2297.0470476119685
2021-07-06 14:30:00+00:00,34115.5264501909,25384613006.0,2305.2342256410093
2021-07-06 14:45:00+00:00,34128.46824972416,25396003259.0,2303.752884085704
2021-07-06 15:00:00+00:00,33941.57811170123,25150259623.0,2288.4802536816383
2021-07-06 15:15:00+00:00,34073.91342710057,25318407552.0,2300.0171785432563
2021-07-06 15:30:00+00:00,34064.83406318824,25201880279.0,2307.4604214183587
2021-07-06 15:45:00+00:00,34061.32124481282,25257053292.0,2305.444968518946
2021-07-06 16:00:00+00:00,33998.879512539934,25131471306.0,2304.046850409464
2021-07-06 16:15:00+00:00,33989.49903939385,25192988097.0,2297.785622364582
2021-07-06 16:30:00+00:00,33865.28567561988,25338310413.0,2292.604436236145
2021-07-06 16:45:00+00:00,33930.5008558643,25408671249.0,2302.793103638653
2021-07-06 17:00:00+00:00,33647.99801546782,25460859642.0,2290.5479758126985
2021-07-06 17:15:00+00:00,33837.24188879743,25974776829.0,2304.009927304454
2021-07-06 17:30:00+00:00,33844.06936192546,25829825184.0,2308.3878163524987
2021-07-06 17:45:00+00:00,33932.229407201834,25811177095.0,2318.390755479009
2021-07-06 18:00:00+00:00,33956.26271134003,25513122378.0,2323.9006045270444
2021-07-06 18:15:00+00:00,34016.05776869247,25537421830.0,2328.590614176257
2021-07-06 18:30:00+00:00,33967.36617321564,25058082305.0,2321.547719006552
2021-07-06 18:45:00+00:00,33826.47546645256,25490799631.0,2311.2019452526506
2021-07-06 19:00:00+00:00,33889.49700804624,25503900630.0,2315.772721035638
2021-07-06 19:15:00+00:00,33965.75440224716,25519607479.0,2319.628914457412
2021-07-06 19:30:00+00:00,33961.63252153136,25533738772.0,2321.547737593812
2021-07-06 19:45:00+00:00,33995.53041145594,25752383264.0,2326.0541906715457
2021-07-06 20:00:00+00:00,33951.30481314266,25765059787.0,2317.6482595327147
2021-07-06 20:15:00+00:00,33995.021052796954,25694873933.0,2320.2199784241693
2021-07-06 20:30:00+00:00,33909.98588065488,25625695540.0,2308.3982156188467
2021-07-06 20:45:00+00:00,33937.21624125757,25671079865.0,2308.096595137595
2021-07-06 21:00:00+00:00,33825.2365315456,25627610638.0,2296.4049576757343
2021-07-06 21:15:00+00:00,33918.20646164583,25745645641.0,2301.515438034356
2021-07-06 21:30:00+00:00,33889.562686260135,25791210871.0,2301.382793049576
2021-07-06 21:45:00+00:00,33747.80373163636,25430711366.0,2284.195438498526
2021-07-06 22:00:00+00:00,33986.64510053197,26051161133.0,2303.4701057772218
2021-07-06 22:15:00+00:00,33968.18067324356,26121532093.0,2301.89715959162
2021-07-06 22:30:00+00:00,34061.82877227117,26210993202.0,2314.2764023909813
2021-07-06 22:45:00+00:00,34063.51568699224,26293503856.0,2310.667675647239
2021-07-06 23:00:00+00:00,34094.8758779934,26321836736.0,2315.0540248384877
2021-07-06 23:15:00+00:00,34109.67648697162,26409210004.0,2317.870949743236
2021-07-06 23:30:00+00:00,34100.76111257735,26419274068.0,2319.200636468456
2021-07-06 23:45:00+00:00,34235.19345116271,26501259870.0,2324.6794491692203
2021-07-07 00:00:00+00:00,34363.25690611201,26549023927.0,2337.26976538073
2021-07-07 00:15:00+00:00,34173.313001989874,26493182170.0,2314.73828487662
2021-07-07 00:30:00+00:00,34063.153737923705,26517175819.0,2308.189872781819
2021-07-07 00:45:00+00:00,34143.87792852372,26590635905.0,2316.6754988679827
2021-07-07 01:00:00+00:00,34212.853755953896,26660254831.0,2323.706359791973
2021-07-07 01:15:00+00:00,34220.80293778776,26683170534.0,2331.0671236100475
2021-07-07 01:30:00+00:00,34150.34798996933,26925899175.0,2315.4191286510327
2021-07-07 01:45:00+00:00,34207.5169379338,27179725296.0,2314.5173644810197
2021-07-07 02:00:00+00:00,34071.981873752266,27161927742.0,2307.679297723204
2021-07-07 02:15:00+00:00,34057.85200659019,27322759705.0,2305.1495593273085
2021-07-07 02:30:00+00:00,34136.41914366405,27447962706.0,2317.8302774999693
2021-07-07 02:45:00+00:00,34205.410252773705,27556899396.0,2320.0246144006705
2021-07-07 03:00:00+00:00,34278.910327909594,27684123360.0,2329.032619109152
2021-07-07 03:15:00+00:00,34353.31418156262,27862887732.0,2330.005515444904
2021-07-07 03:30:00+00:00,34442.15127648474,28144788663.0,2340.829266592954
2021-07-07 03:45:00+00:00,34455.441231073375,28276367424.0,2340.6846444601347
2021-07-07 04:00:00+00:00,34430.58927048651,27867437230.0,2337.2139434450373
2021-07-07 04:15:00+00:00,34590.156440923296,27993306340.0,2375.420470570685
2021-07-07 04:30:00+00:00,34664.34575160289,28052862053.0,2379.8737712764564
2021-07-07 04:45:00+00:00,34725.0454351369,28069773896.0,2393.857778264547
2021-07-07 05:00:00+00:00,34651.04780735568,28102654225.0,2384.6914830407577
2021-07-07 05:15:00+00:00,34835.150541068906,28252900423.0,2388.453504384041
2021-07-07 05:30:00+00:00,34723.42790465584,28350483145.0,2379.424018437144
2021-07-07 05:45:00+00:00,34809.238312305526,28527480963.0,2385.020166876369
2021-07-07 06:00:00+00:00,34758.909269799624,28520924340.0,2381.004501788219
2021-07-07 06:15:00+00:00,34766.72178399389,28644261873.0,2387.854646176582
2021-07-07 06:30:00+00:00,34772.63214767854,28775584166.0,2386.7884552523383
2021-07-07 06:45:00+00:00,34718.27295147657,28279616821.0,2382.9690293764243
2021-07-07 07:00:00+00:00,34784.64913787145,28332425473.0,2388.947165081942
2021-07-07 07:15:00+00:00,34777.65655486621,28401631726.0,2389.1473503307475
2021-07-07 07:30:00+00:00,34823.44813434038,28500651686.0,2390.770968554288
2021-07-07 07:45:00+00:00,34664.96289547561,28584421780.0,2372.616543519863
2021-07-07 08:00:00+00:00,34828.11277287714,28835714504.0,2390.8426522498044
2021-07-07 08:15:00+00:00,34805.39632508885,28771542275.0,2383.6204166153343
2021-07-07 08:30:00+00:00,34777.88478370823,28823279741.0,2382.1601220273446
2021-07-07 08:45:00+00:00,34801.609563242586,28796547987.0,2383.417697443867
2021-07-07 09:00:00+00:00,34755.963067249155,28479363095.0,2376.22372866246
2021-07-07 09:15:00+00:00,34718.28644633242,27997623087.0,2373.946307262993
2021-07-07 09:30:00+00:00,34797.07586960834,27939259637.0,2384.2358891390145
2021-07-07 09:45:00+00:00,34710.99101616808,27891450801.0,2379.6598810367595
2021-07-07 10:00:00+00:00,34558.16739162827,27572683967.0,2373.423321884376
2021-07-07 10:15:00+00:00,34600.9480911403,27530501587.0,2372.361557549435
2021-07-07 10:30:00+00:00,34605.76161981664,27459365880.0,2371.582809407237
2021-07-07 10:45:00+00:00,34634.0018431783,27450244423.0,2374.729096312309
2021-07-07 11:00:00+00:00,34881.17096180092,27637823919.0,2389.385823834848
2021-07-07 11:15:00+00:00,34878.53633511114,27691000478.0,2388.88917673661
2021-07-07 11:30:00+00:00,34836.39492468889,27719301562.0,2385.113719491368
2021-07-07 11:45:00+00:00,34818.4562084514,27525127026.0,2383.565842179659
2021-07-07 12:00:00+00:00,34925.60254286609,27322664171.0,2390.389924990229
2021-07-07 12:15:00+00:00,34895.14499766804,27242029657.0,2388.6411715386685
2021-07-07 12:30:00+00:00,34829.8424012165,27351628197.0,2382.892194881187
2021-07-07 12:45:00+00:00,34839.223752538586,27194054833.0,2383.005784110243
2021-07-07 13:00:00+00:00,34767.00248480849,27013247655.0,2380.9668406634664
2021-07-07 13:15:00+00:00,34720.56621280343,26985915939.0,2376.6215358240383
2021-07-07 13:30:00+00:00,34729.38907860025,26965950126.0,2378.2993366333844
2021-07-07 13:45:00+00:00,34838.50927871027,26817472023.0,2384.3317597422456
2021-07-07 14:00:00+00:00,34794.812200058404,26670591896.0,2381.9626951415567
2021-07-07 14:15:00+00:00,34757.31537933049,26599950138.0,2381.0619773875683
2021-07-07 14:30:00+00:00,34629.8508537808,26587302381.0,2369.28322784753
2021-07-07 14:45:00+00:00,34619.425649257915,26705315455.0,2352.219110158839
2021-07-07 15:00:00+00:00,34643.602777822,26484275159.0,2355.913371995221
2021-07-07 15:15:00+00:00,34601.46561512708,26418380483.0,2349.8244662233005
2021-07-07 15:30:00+00:00,34599.629092753305,26450001458.0,2342.602880721071
2021-07-07 15:45:00+00:00,34515.880716824904,26419552880.0,2337.416182047224
2021-07-07 16:00:00+00:00,34524.807666165165,26393952212.0,2342.5413779617625
2021-07-07 16:15:00+00:00,34585.10142662477,26381603531.0,2349.474154009098
2021-07-07 16:30:00+00:00,34614.40444131594,26241631335.0,2356.051569229188
2021-07-07 16:45:00+00:00,34555.23093409123,26133624344.0,2351.8042590266014
2021-07-07 17:00:00+00:00,34583.42457892442,25837322805.0,2356.3760716536904
2021-07-07 17:15:00+00:00,34515.97152949367,25478187663.0,2351.9894585426064
2021-07-07 17:30:00+00:00,34533.09738032897,25392025289.0,2349.175966740833
2021-07-07 17:45:00+00:00,34647.48012837793,25355108323.0,2359.294293183544
2021-07-07 18:00:00+00:00,34767.790342997694,25409116365.0,2367.710994172566
2021-07-07 18:15:00+00:00,34712.55141477539,25296996986.0,2364.804160299607
2021-07-07 18:30:00+00:00,34734.15063277255,25185457845.0,2369.8222356586257
2021-07-07 18:45:00+00:00,34705.43512768554,25161801329.0,2366.467477823121
2021-07-07 19:00:00+00:00,34676.84913169224,25094253699.0,2364.5168151958296
2021-07-07 19:15:00+00:00,34608.09715177313,25041865839.0,2360.928094488923
2021-07-07 19:30:00+00:00,34654.40508650913,25023820850.0,2364.670072271725
2021-07-07 19:45:00+00:00,34606.721652501874,24863507831.0,2365.16561293948
2021-07-07 20:00:00+00:00,34583.40317610645,24710004234.0,2364.182698476219
2021-07-07 20:15:00+00:00,34606.645967998105,24684114145.0,2367.769257161691
2021-07-07 20:30:00+00:00,34535.84648867015,24637608201.0,2359.9277631301998
2021-07-07 20:45:00+00:00,34540.931923303564,24601555997.0,2361.4946714893604
2021-07-07 21:00:00+00:00,34523.504509078,24449527121.0,2358.5248728216206
2021-07-07 21:15:00+00:00,34346.066204037794,24486816778.0,2350.923916111948
2021-07-07 21:30:00+00:00,34210.07290979896,24567778070.0,2342.6827520852908
2021-07-07 21:45:00+00:00,34241.81528886814,24511590424.0,2345.767055079124
2021-07-07 22:00:00+00:00,34216.84619433457,24403734509.0,2334.846809202109
2021-07-07 22:15:00+00:00,34257.68947861473,24517198761.0,2332.926196809407
2021-07-07 22:30:00+00:00,34216.26643099302,24521299734.0,2331.5082266161235
2021-07-07 22:45:00+00:00,34159.21215278536,24508161943.0,2323.8330360103923
2021-07-07 23:00:00+00:00,33963.09992054319,24534415507.0,2313.822623174976
2021-07-07 23:15:00+00:00,34019.67462740978,24669844808.0,2319.5082752615863
2021-07-07 23:30:00+00:00,33934.96295198532,24744482125.0,2319.2527361508405
2021-07-07 23:45:00+00:00,33855.32688832704,24796027477.0,2315.161975310713
2021-07-08 00:00:00+00:00,33764.31792305295,24730155063.0,2316.2098718828483
2021-07-08 00:15:00+00:00,33431.99846759771,24918419702.0,2294.163875791865
2021-07-08 00:30:00+00:00,33308.8408516426,25206703097.0,2281.838632531756
2021-07-08 00:45:00+00:00,33286.03088102559,25425707271.0,2276.6731159409064
2021-07-08 01:00:00+00:00,33461.572767977734,25617135552.0,2296.502290395807
2021-07-08 01:15:00+00:00,33383.92387644517,25727822983.0,2284.7264127619846
2021-07-08 01:30:00+00:00,33360.356756257584,25573308658.0,2281.938018861363
2021-07-08 01:45:00+00:00,33378.93050308418,25512556808.0,2282.2599424126747
2021-07-08 02:00:00+00:00,33436.29342723834,25558048289.0,2289.728325169101
2021-07-08 02:15:00+00:00,33391.242303124105,25422851375.0,2282.329256106717
2021-07-08 02:30:00+00:00,33345.10113918547,25408743130.0,2277.279175480405
2021-07-08 02:45:00+00:00,33390.67217308122,25458787984.0,2282.2929167464017
2021-07-08 03:00:00+00:00,33205.64766893176,25469484536.0,2257.2652291708146
2021-07-08 03:15:00+00:00,33281.21183089312,25508566010.0,2249.3940495511474
2021-07-08 03:30:00+00:00,33380.46715492328,25679172746.0,2266.1299875175105
2021-07-08 03:45:00+00:00,33355.84801698757,25612018054.0,2258.4143563038365
2021-07-08 04:00:00+00:00,33263.540888473326,25072394805.0,2242.8976741228066
2021-07-08 04:15:00+00:00,33262.94930934093,25502214953.0,2241.118454702804
2021-07-08 04:30:00+00:00,33248.44655262302,25316071978.0,2235.636828876462
2021-07-08 04:45:00+00:00,33370.908709018135,25338832379.0,2243.9412031329093
2021-07-08 05:00:00+00:00,33301.05647400776,25656800930.0,2245.738088723414
2021-07-08 05:15:00+00:00,33252.090572620225,25610500014.0,2237.4865669553005
2021-07-08 05:30:00+00:00,33201.13810411242,25521777085.0,2229.564803472584
2021-07-08 05:45:00+00:00,33163.29534056316,25531712840.0,2226.4781847946383
2021-07-08 06:00:00+00:00,33418.842026964296,26002125352.0,2240.565005127884
2021-07-08 06:15:00+00:00,33378.216626656416,26141611538.0,2233.75240230131
2021-07-08 06:30:00+00:00,33145.77528708912,26040679868.0,2219.393482746718
2021-07-08 06:45:00+00:00,33138.75453041855,26039015088.0,2216.819108892141
2021-07-08 07:00:00+00:00,33250.57085285325,26099589442.0,2227.445389020708
2021-07-08 07:15:00+00:00,33138.44924520479,26087221681.0,2216.457355651856
2021-07-08 07:30:00+00:00,32563.432277284235,26476666099.0,2190.0613478594782
2021-07-08 07:45:00+00:00,32467.336037397457,26723395387.0,2181.554217502895
2021-07-08 08:00:00+00:00,32396.02570619081,26764967048.0,2174.1375975533538
2021-07-08 08:15:00+00:00,32403.36675226337,27024729798.0,2170.5679372709087
2021-07-08 08:30:00+00:00,32399.18755140357,27144007137.0,2174.846499023567
2021-07-08 08:45:00+00:00,32603.580255576784,27336853332.0,2185.992506031105
2021-07-08 09:00:00+00:00,32487.03426948199,27396921375.0,2176.9462126650824
2021-07-08 09:15:00+00:00,32549.590023131743,27482889741.0,2174.978980977592
2021-07-08 09:30:00+00:00,32599.3321490504,27597544735.0,2178.41627905049
2021-07-08 09:45:00+00:00,32580.96137926321,27559193345.0,2172.8560495309525
2021-07-08 10:00:00+00:00,32598.67023801903,27503415785.0,2174.697552858274
2021-07-08 10:15:00+00:00,32665.452792995995,27629025573.0,2180.3746491259126
2021-07-08 10:30:00+00:00,32672.087018542337,27672243975.0,2179.512816641412
2021-07-08 10:45:00+00:00,32536.691239961285,27616180380.0,2168.3737228277078
2021-07-08 11:00:00+00:00,32298.429983442,27889200897.0,2133.447445435252
2021-07-08 11:15:00+00:00,32495.328390711496,28161736482.0,2145.8749956331844
2021-07-08 11:30:00+00:00,32599.327680719016,28285220205.0,2157.599346327659
2021-07-08 11:45:00+00:00,32686.40363611919,28336466758.0,2164.152743817086
2021-07-08 12:00:00+00:00,32525.49188353164,28178966633.0,2150.1940434164644
2021-07-08 12:15:00+00:00,32650.021309740747,28310367392.0,2157.950788052327
2021-07-08 12:30:00+00:00,32810.870394414975,28641440701.0,2173.137843290353
2021-07-08 12:45:00+00:00,32612.629004122868,28576216497.0,2161.9223638798767
2021-07-08 13:00:00+00:00,32621.1691019332,28568647122.0,2159.6296936046347
2021-07-08 13:15:00+00:00,32616.57448397197,28591198811.0,2154.5056728846707
2021-07-08 13:30:00+00:00,32439.852104287223,28229345451.0,2138.3885536035377
2021-07-08 13:45:00+00:00,32501.23118954074,28435497951.0,2137.308743556169
2021-07-08 14:00:00+00:00,32613.29328308392,28998621128.0,2145.8208531231303
2021-07-08 14:15:00+00:00,32608.48509894443,29071591733.0,2144.1985668475263
2021-07-08 14:30:00+00:00,32730.89035291979,29217908224.0,2151.709658040072
2021-07-08 14:45:00+00:00,32753.26880311389,29396107489.0,2155.2791541641395
2021-07-08 15:00:00+00:00,32840.27128123753,29392225903.0,2163.195920607656
2021-07-08 15:15:00+00:00,32860.11296587198,29660723366.0,2168.383691205455
2021-07-08 15:30:00+00:00,32804.6593796103,29648268136.0,2164.6277912683468
2021-07-08 15:45:00+00:00,32860.53432905181,29736720470.0,2174.635073220752
2021-07-08 16:00:00+00:00,32801.00794014256,29794084428.0,2159.491049598035
2021-07-08 16:15:00+00:00,32816.401591839895,29819857243.0,2158.5523853511368
2021-07-08 16:30:00+00:00,32715.72064572597,29844151752.0,2152.537467136807
2021-07-08 16:45:00+00:00,32900.90109827639,30090704266.0,2163.426762406016
2021-07-08 17:00:00+00:00,32835.21453531489,30223986892.0,2157.1564263440514
2021-07-08 17:15:00+00:00,32866.96648870939,30276813267.0,2160.825833145253
2021-07-08 17:30:00+00:00,32952.12262750552,30417770099.0,2163.573595639808
2021-07-08 17:45:00+00:00,32858.740533618584,30395735246.0,2160.124304271681
2021-07-08 18:00:00+00:00,32843.46512295373,30279265950.0,2152.9714676927533
2021-07-08 18:15:00+00:00,32762.808297610864,30261192307.0,2144.094185345008
2021-07-08 18:30:00+00:00,32844.034856888466,30314824137.0,2152.65637773025
2021-07-08 18:45:00+00:00,32856.02277864957,30349690805.0,2155.3992967305653
2021-07-08 19:00:00+00:00,32777.40765145942,30158279872.0,2145.4672389164075
2021-07-08 19:15:00+00:00,32915.42220029944,30271677846.0,2158.8639819196987
2021-07-08 19:30:00+00:00,32916.615010093046,30418405352.0,2157.4580506779034
2021-07-08 19:45:00+00:00,33013.813252840184,30692388747.0,2157.695331869766
2021-07-08 20:00:00+00:00,32971.33029102397,30702336507.0,2154.398892155488
2021-07-08 20:15:00+00:00,32914.13496123245,30668202771.0,2150.073601414172
2021-07-08 20:30:00+00:00,32866.86266689521,30607833584.0,2146.9284491114254
2021-07-08 20:45:00+00:00,32788.8364731822,30533111315.0,2137.7228697091887
2021-07-08 21:00:00+00:00,32891.09833231223,30145349048.0,2142.282038725693
2021-07-08 21:15:00+00:00,32897.26181599915,30469728732.0,2138.7816995719622
2021-07-08 21:30:00+00:00,32897.46650356363,30348079142.0,2136.849843641031
2021-07-08 21:45:00+00:00,32707.44203192406,30231628741.0,2108.0703326735197
2021-07-08 22:00:00+00:00,32600.67859541138,30167643968.0,2100.235938854975
2021-07-08 22:15:00+00:00,32628.424543786165,30138420995.0,2102.6135768883346
2021-07-08 22:30:00+00:00,32585.14586063737,30176426372.0,2098.4599962153907
2021-07-08 22:45:00+00:00,32587.45943672389,30188328861.0,2108.6653048443377
2021-07-08 23:00:00+00:00,32673.270762480075,30065426252.0,2112.2755034421325
2021-07-08 23:15:00+00:00,32824.349062973684,30128669582.0,2118.976091954036
2021-07-08 23:30:00+00:00,32852.23793098332,30044090593.0,2123.93615192623
2021-07-08 23:45:00+00:00,32877.37262842304,29910396946.0,2120.026342942432
2021-07-09 00:00:00+00:00,32683.500636984587,29513827569.0,2096.931718562664
2021-07-09 00:15:00+00:00,32673.26563565953,29191728323.0,2095.068302612383
2021-07-09 00:30:00+00:00,32491.27342848898,28700425536.0,2073.187544701028
2021-07-09 00:45:00+00:00,32396.59814233036,28546863895.0,2069.146507854933
2021-07-09 01:00:00+00:00,32339.984891763877,28463857409.0,2052.9361885936537
2021-07-09 01:15:00+00:00,32553.61507117113,28550157261.0,2071.536055619721
2021-07-09 01:30:00+00:00,32550.842992662856,28508102269.0,2064.243809869032
2021-07-09 01:45:00+00:00,32640.99034594262,28616316890.0,2074.5786077826565
2021-07-09 02:00:00+00:00,32685.941228490687,28556948539.0,2080.714511079845
2021-07-09 02:15:00+00:00,32890.236479049345,28731805295.0,2104.3381029404413
2021-07-09 02:30:00+00:00,32855.360567097545,28692685175.0,2102.989181611471
2021-07-09 02:45:00+00:00,32959.029078742795,28787967537.0,2112.6028442059687
2021-07-09 03:00:00+00:00,32969.89474723482,28793784467.0,2117.189824248
2021-07-09 03:15:00+00:00,33004.872932604136,28785453173.0,2121.388328476821
2021-07-09 03:30:00+00:00,32985.35800643739,28317393147.0,2121.326626397932
2021-07-09 03:45:00+00:00,32982.26675995754,28444928140.0,2124.31249562568
2021-07-09 04:00:00+00:00,33043.891523044775,28417657994.0,2138.9731211445305
2021-07-09 04:15:00+00:00,33010.06974840571,28915872346.0,2137.2293243686463
2021-07-09 04:30:00+00:00,32953.4895283738,28927360621.0,2138.310664049985
2021-07-09 04:45:00+00:00,33059.82769038876,28937389599.0,2144.6205576344364
2021-07-09 05:00:00+00:00,33120.64862150889,28955151451.0,2151.4405141420857
2021-07-09 05:15:00+00:00,33111.93200966391,28936172554.0,2145.993979584184
2021-07-09 05:30:00+00:00,33087.8552233758,28883363394.0,2146.204573673903
2021-07-09 05:45:00+00:00,33008.91255149066,28878585760.0,2140.072817098438
2021-07-09 06:00:00+00:00,33006.75762350124,28445161428.0,2132.1718886388235
2021-07-09 06:15:00+00:00,32887.109321670825,28174673624.0,2121.7810317885696
2021-07-09 06:30:00+00:00,32836.094435130195,27741004501.0,2120.3210895178595
2021-07-09 06:45:00+00:00,32884.84019378646,27812412290.0,2124.6892315682803
2021-07-09 07:00:00+00:00,32815.77270545508,27535917711.0,2116.325960650859
2021-07-09 07:15:00+00:00,32887.77108407338,27597116101.0,2122.427742106994
2021-07-09 07:30:00+00:00,32901.62610729566,26951289334.0,2118.987515583537
2021-07-09 07:45:00+00:00,32843.012758095254,26554922649.0,2117.9468799171323
2021-07-09 08:00:00+00:00,32719.708763899896,26161872985.0,2104.6634667122985
2021-07-09 08:15:00+00:00,32754.65630276916,26148543398.0,2097.61881069385
2021-07-09 08:30:00+00:00,32779.63474884914,26062794894.0,2091.5204596801427
2021-07-09 08:45:00+00:00,32830.24705511717,26473698740.0,2095.603527688786
2021-07-09 09:00:00+00:00,32870.94636963386,26328376776.0,2099.404433796198
2021-07-09 09:15:00+00:00,32999.31453372391,26386712887.0,2114.376710722744
2021-07-09 09:30:00+00:00,32905.24688725184,26403540439.0,2105.76772632173
2021-07-09 09:45:00+00:00,32916.05216144327,25979613292.0,2101.345184046852
2021-07-09 10:00:00+00:00,32871.88305093961,25898345537.0,2095.7592300857923
2021-07-09 10:15:00+00:00,32917.615454836225,25929657375.0,2100.376960796596
2021-07-09 10:30:00+00:00,32864.25527277417,25888916066.0,2092.348212404588
2021-07-09 10:45:00+00:00,32871.63990711013,26262897224.0,2095.9446095719195
2021-07-09 11:00:00+00:00,32817.50022933386,25706308189.0,2085.7736490010752
2021-07-09 11:15:00+00:00,32730.806802238327,25529322377.0,2078.339190782613
2021-07-09 11:30:00+00:00,32755.397031023487,25532637180.0,2079.608721967704
2021-07-09 11:45:00+00:00,32760.553568303538,25478827166.0,2079.1412746965843
2021-07-09 12:00:00+00:00,32689.72749745376,25377419760.0,2072.717608352302
2021-07-09 12:15:00+00:00,32767.03874086078,25353324678.0,2072.1238276349027
2021-07-09 12:30:00+00:00,32883.50913539904,25198815379.0,2085.464766985496
2021-07-09 12:45:00+00:00,32962.32354594736,25288347378.0,2104.528260030213
2021-07-09 13:00:00+00:00,33218.75411051532,25445950269.0,2133.5475374720804
2021-07-09 13:15:00+00:00,33200.462410556094,25605790209.0,2138.5295165973166
2021-07-09 13:30:00+00:00,33425.10681503647,25979587524.0,2143.783071428326
2021-07-09 13:45:00+00:00,33402.234239808146,25992987949.0,2140.8182666155453
2021-07-09 14:00:00+00:00,33372.74209567427,25913252975.0,2137.8410692720663
2021-07-09 14:15:00+00:00,33502.79807335234,25741903252.0,2151.497451636221
2021-07-09 14:30:00+00:00,33471.41297558517,25685615661.0,2156.417285795975
2021-07-09 14:45:00+00:00,33542.23101576055,25681541544.0,2182.345432435752
2021-07-09 15:00:00+00:00,33586.53673606906,25958021784.0,2177.545526908555
2021-07-09 15:15:00+00:00,33577.51485876702,25931593172.0,2171.844392697348
2021-07-09 15:30:00+00:00,33515.63296450083,25978134319.0,2168.353230115385
2021-07-09 15:45:00+00:00,33624.23881029643,26134110130.0,2176.8099255838133
2021-07-09 16:00:00+00:00,33517.49905534988,26119082332.0,2165.76405398734
2021-07-09 16:15:00+00:00,33533.47528352402,26161453670.0,2165.345131771258
2021-07-09 16:30:00+00:00,33544.07945693114,26253134330.0,2167.6824658970854
2021-07-09 16:45:00+00:00,33517.35874843508,26205719367.0,2162.428073333687
2021-07-09 17:00:00+00:00,33463.210791906364,26031364391.0,2154.326886518252
2021-07-09 17:15:00+00:00,33502.156495250034,26265100424.0,2155.304046325361
2021-07-09 17:30:00+00:00,33445.604616338474,26302836318.0,2142.672526970659
2021-07-09 17:45:00+00:00,33466.18920556004,26374443858.0,2147.480407797324
2021-07-09 18:00:00+00:00,33391.18351455736,26361288331.0,2133.776951419102
2021-07-09 18:15:00+00:00,33411.91027400304,26400625285.0,2136.468297211888
2021-07-09 18:30:00+00:00,33424.77905634003,26426614758.0,2138.3743237525705
2021-07-09 18:45:00+00:00,33361.66314968671,26423861541.0,2129.709673284813
2021-07-09 19:00:00+00:00,33383.66051732654,26459733762.0,2127.6651551442224
2021-07-09 19:15:00+00:00,33409.99300067103,26492000443.0,2132.229913011488
2021-07-09 19:30:00+00:00,33351.505082591524,26387174641.0,2126.222920585158
2021-07-09 19:45:00+00:00,33441.97640327945,26342698355.0,2132.581921967231
2021-07-09 20:00:00+00:00,33394.26664073642,26224180925.0,2124.986439160472
2021-07-09 20:15:00+00:00,33399.16062581766,26259891708.0,2126.28822191886
2021-07-09 20:30:00+00:00,33473.101508994754,26393238483.0,2130.927041061887
2021-07-09 20:45:00+00:00,33510.234121231435,26473636216.0,2133.93062783764
2021-07-09 21:00:00+00:00,33486.119004468084,26399057861.0,2131.3034113144645
2021-07-09 21:15:00+00:00,33514.81612290265,26408964026.0,2132.5756421796555
2021-07-09 21:30:00+00:00,33903.69984173116,26991892518.0,2155.537665018392
2021-07-09 21:45:00+00:00,33882.01904678111,27199966628.0,2147.6612720371763
2021-07-09 22:00:00+00:00,33883.72796527489,27214598718.0,2150.5952240705547
2021-07-09 22:15:00+00:00,33917.10307549432,27308943851.0,2160.7056844167832
2021-07-09 22:30:00+00:00,33997.97490946446,27400111904.0,2160.653061582949
2021-07-09 22:45:00+00:00,33979.60761562672,27449898647.0,2164.608095917793
2021-07-09 23:00:00+00:00,33974.64402265339,27413168734.0,2160.25589442832
2021-07-09 23:15:00+00:00,33930.9422303219,27425665524.0,2152.43868878336
2021-07-09 23:30:00+00:00,33938.704459148124,27458361780.0,2155.2240415189526
2021-07-09 23:45:00+00:00,33798.01020741704,27436021028.0,2146.692323510248
2021-07-10 00:00:00+00:00,33963.43648459022,27602083106.0,2161.387371315728
2021-07-10 00:15:00+00:00,34074.55876072012,27768243258.0,2170.16344762631
2021-07-10 00:30:00+00:00,34209.07019714967,28028788265.0,2188.5314810875884
2021-07-10 00:45:00+00:00,34076.27683315742,27970171031.0,2180.3865171114526
2021-07-10 01:00:00+00:00,33975.75406485815,27837453738.0,2163.956861866622
2021-07-10 01:15:00+00:00,33885.0678459829,27795372254.0,2158.5815096768447
2021-07-10 01:30:00+00:00,33903.901705281554,27843622930.0,2159.946248855802
2021-07-10 01:45:00+00:00,33796.12964257284,27797745657.0,2153.112644659124
2021-07-10 02:00:00+00:00,33825.525035973216,27827204000.0,2148.1610201953213
2021-07-10 02:15:00+00:00,33789.45831292789,27831650317.0,2143.922886378268
2021-07-10 02:30:00+00:00,33707.446233705334,27810226982.0,2133.238053473632
2021-07-10 02:45:00+00:00,33729.46667781028,27819828167.0,2135.615333574693
2021-07-10 03:00:00+00:00,33803.28713642479,27660175579.0,2141.1034194925705
2021-07-10 03:15:00+00:00,33750.80375919328,27631845824.0,2136.305447192159
2021-07-10 03:30:00+00:00,33828.0270539767,27692282849.0,2136.177957658672
2021-07-10 03:45:00+00:00,33784.080544661025,27146559267.0,2133.2624268137924
2021-07-10 04:00:00+00:00,33767.53200353465,27397156430.0,2131.45471797502
2021-07-10 04:15:00+00:00,33840.782636183365,27384631624.0,2136.8143310429814
2021-07-10 04:30:00+00:00,33763.42364686728,27375158393.0,2128.032880533028
2021-07-10 04:45:00+00:00,33649.52088129762,27401811619.0,2108.598367811726
2021-07-10 05:00:00+00:00,33597.01387553875,27411146337.0,2110.7045548696788
2021-07-10 05:15:00+00:00,33635.23232515074,27465522692.0,2114.0859267527944
2021-07-10 05:30:00+00:00,33658.41590555928,27490988903.0,2118.4110447207486
2021-07-10 05:45:00+00:00,33661.24169499515,27338711148.0,2116.4121529435306
2021-07-10 06:00:00+00:00,33676.2407524107,27241449515.0,2121.3604458017526
2021-07-10 06:15:00+00:00,33697.29490748838,27254685600.0,2122.34815546418
2021-07-10 06:30:00+00:00,33661.02434264038,27112539000.0,2117.469405651362
2021-07-10 06:45:00+00:00,33775.4974097809,27210809062.0,2128.349815555112
2021-07-10 07:00:00+00:00,33693.4649916102,27095032078.0,2116.6861739820474
2021-07-10 07:15:00+00:00,33711.975034676914,27067864692.0,2114.8908745040303
2021-07-10 07:30:00+00:00,33753.76449072658,27040486397.0,2117.7451115304275
2021-07-10 07:45:00+00:00,33763.924112485765,26595800640.0,2123.663858567043
2021-07-10 08:00:00+00:00,33745.93861181925,26508016645.0,2119.2870827590427
2021-07-10 08:15:00+00:00,33841.58250966972,26995057935.0,2129.9553350952733
2021-07-10 08:30:00+00:00,33778.35143103511,26999149765.0,2123.379000082852
2021-07-10 08:45:00+00:00,33787.43255294566,27070960187.0,2124.2537175516004
2021-07-10 09:00:00+00:00,33818.45177456135,27041142527.0,2127.1475131794527
2021-07-10 09:15:00+00:00,33884.43552534235,27022862314.0,2128.7036588255824
2021-07-10 09:30:00+00:00,33860.67071456369,26915061920.0,2130.260241538076
2021-07-10 09:45:00+00:00,33751.10698470866,26860592805.0,2117.684276142971
2021-07-10 10:00:00+00:00,33727.76381422321,26751815444.0,2117.4071356278346
2021-07-10 10:15:00+00:00,33679.318331468334,26661442595.0,2111.881901091833
2021-07-10 10:30:00+00:00,33680.00983618572,26664588968.0,2104.062367983889
2021-07-10 10:45:00+00:00,33651.62930390718,26721455619.0,2094.627349681614
2021-07-10 11:00:00+00:00,33638.52982650674,26675763524.0,2095.1210912606102
2021-07-10 11:15:00+00:00,33730.536217602625,26701298033.0,2103.477391637822
2021-07-10 11:30:00+00:00,33858.277823731325,26807220153.0,2121.1933024372465
2021-07-10 11:45:00+00:00,33805.92040316725,26829389634.0,2111.2219202263727
2021-07-10 12:00:00+00:00,33820.955866801814,26733267860.0,2113.442162715825
2021-07-10 12:15:00+00:00,33800.68013873676,26752796371.0,2108.8447951298567
2021-07-10 12:30:00+00:00,33822.82870330545,26720562437.0,2115.6788497682724
2021-07-10 12:45:00+00:00,33856.86472057043,26578036155.0,2118.1508800474253
2021-07-10 13:00:00+00:00,33848.364425127904,26283399723.0,2113.996026351051
2021-07-10 13:15:00+00:00,33824.07124792787,26096593094.0,2110.098606995085
2021-07-10 13:30:00+00:00,33739.096928707084,25719729916.0,2102.137739730121
2021-07-10 13:45:00+00:00,33697.787752979326,25603813570.0,2098.840108737619
2021-07-10 14:00:00+00:00,33697.040164483464,25356573575.0,2101.699932115245
2021-07-10 14:15:00+00:00,33710.63286383288,25112880605.0,2103.4220253396657
2021-07-10 14:30:00+00:00,33765.81723403931,25134678503.0,2106.6334708249024
2021-07-10 14:45:00+00:00,33834.24567991265,25045769629.0,2112.5892268176644
2021-07-10 15:00:00+00:00,33855.82757215676,24729755019.0,2113.3978045099534
2021-07-10 15:15:00+00:00,33878.71346762181,24611195543.0,2120.017943933108
2021-07-10 15:30:00+00:00,33884.066381576995,24533433247.0,2121.5800459867564
2021-07-10 15:45:00+00:00,33890.20281307063,24404335924.0,2121.2779737688584
2021-07-10 16:00:00+00:00,33840.1238985045,24124709667.0,2117.8074936015087
2021-07-10 16:15:00+00:00,34118.56674811035,24366659036.0,2153.5719789944937
2021-07-10 16:30:00+00:00,34142.442696352104,24560801738.0,2146.852724640564
2021-07-10 16:45:00+00:00,34027.9483774981,24454633287.0,2135.5782981895545
2021-07-10 17:00:00+00:00,33730.584434648335,24243200957.0,2107.974549508671
2021-07-10 17:15:00+00:00,33405.46518139753,24170499980.0,2086.418732190562
2021-07-10 17:30:00+00:00,33427.86009004715,24193076510.0,2088.9440796562067
2021-07-10 17:45:00+00:00,33432.78590995267,24280633251.0,2088.908894930742
2021-07-10 18:00:00+00:00,33403.060529683,24199057322.0,2085.14276487434
2021-07-10 18:15:00+00:00,33427.52324276821,24139776498.0,2087.4742763302006
2021-07-10 18:30:00+00:00,33435.798443063846,24186103662.0,2090.1026275029226
2021-07-10 18:45:00+00:00,33454.23303949749,24161846326.0,2093.9412082428125
2021-07-10 19:00:00+00:00,33508.79850542301,24152267800.0,2100.86491441977
2021-07-10 19:15:00+00:00,33485.632699238566,24055082625.0,2096.3860665590946
2021-07-10 19:30:00+00:00,33417.95029961722,24057990326.0,2095.413447103192
2021-07-10 19:45:00+00:00,33463.19223968984,24039413929.0,2096.865981031169
2021-07-10 20:00:00+00:00,33155.952852791444,23959429958.0,2086.360414039138
2021-07-10 20:15:00+00:00,33319.94691513077,24170457072.0,2095.421095035146
2021-07-10 20:30:00+00:00,33323.309672105315,24149527381.0,2091.365196337843
2021-07-10 20:45:00+00:00,33336.88675666745,24150035084.0,2096.472221550023
2021-07-10 21:00:00+00:00,33318.75557848917,24077782804.0,2099.8631494920737
2021-07-10 21:15:00+00:00,33389.3497297152,24140220765.0,2104.4186573687675
2021-07-10 21:30:00+00:00,33362.66835581638,23886458410.0,2102.319832294871
2021-07-10 21:45:00+00:00,33426.70531079707,23618477430.0,2104.676082627449
2021-07-10 22:00:00+00:00,33528.86326196173,23468909695.0,2113.2124500572263
2021-07-10 22:15:00+00:00,33488.310058466675,23383260261.0,2106.5202705758343
2021-07-10 22:30:00+00:00,33538.75683847035,23307702901.0,2113.916551472093
2021-07-10 22:45:00+00:00,33642.88913846391,23248711883.0,2116.6296608317875
2021-07-10 23:00:00+00:00,33663.50639329217,23178405975.0,2126.28237987214
2021-07-10 23:15:00+00:00,33616.8371230815,23094070848.0,2122.0444414910226
2021-07-10 23:30:00+00:00,33645.30881701021,23013692433.0,2119.3056001552923
2021-07-10 23:45:00+00:00,33520.519952831826,22971873468.0,2111.403456180035
2021-07-11 00:00:00+00:00,33730.812646496546,22674550396.0,2132.625079338538
2021-07-11 00:15:00+00:00,33631.95953956025,22620433685.0,2115.9885198600314
2021-07-11 00:30:00+00:00,33630.936645971735,22388413752.0,2114.989213010074
2021-07-11 00:45:00+00:00,33746.54812695561,22362271671.0,2120.4720942616327
2021-07-11 01:00:00+00:00,33715.37819414681,22109562510.0,2117.0946162994896
2021-07-11 01:15:00+00:00,33721.057554869214,22014157789.0,2120.251435954068
2021-07-11 01:30:00+00:00,33661.48644272822,21917193409.0,2118.4546914939847
2021-07-11 01:45:00+00:00,33651.47906569079,21875948979.0,2118.70285113096
2021-07-11 02:00:00+00:00,33682.84217397419,21721089222.0,2119.3339839417727
2021-07-11 02:15:00+00:00,33596.45562573988,21597145844.0,2103.5305330944684
2021-07-11 02:30:00+00:00,33658.40110069529,21570083203.0,2106.597049216758
2021-07-11 02:45:00+00:00,33567.64205868119,21403272107.0,2100.006484810563
2021-07-11 03:00:00+00:00,33527.15003772056,21316472681.0,2095.294604274926
2021-07-11 03:15:00+00:00,33510.449984273946,21342073073.0,2092.235910711041
2021-07-11 03:30:00+00:00,33496.83118065664,21242613723.0,2093.6044958450634
2021-07-11 03:45:00+00:00,33427.703042002526,21202730681.0,2087.999549104317
2021-07-11 04:00:00+00:00,33366.585341772065,21215317057.0,2083.8036628970726
2021-07-11 04:15:00+00:00,33354.627470634776,21254020559.0,2084.3657791042697
2021-07-11 04:30:00+00:00,33458.44511544857,21297280985.0,2091.9575644130573
2021-07-11 04:45:00+00:00,33491.50322319849,21291994511.0,2094.114190738588
2021-07-11 05:00:00+00:00,33553.990430037855,21135021343.0,2098.1695774791806
2021-07-11 05:15:00+00:00,33572.74412370944,21053961430.0,2099.0103307620225
2021-07-11 05:30:00+00:00,33644.80791197386,21069138314.0,2103.6701623513663
2021-07-11 05:45:00+00:00,33611.882812560885,21079483741.0,2102.0055279808457
2021-07-11 06:00:00+00:00,33643.13163458981,21043204909.0,2107.454556621448
2021-07-11 06:15:00+00:00,33580.724585438635,20980732899.0,2100.584394411565
2021-07-11 06:30:00+00:00,33538.81139715451,20951432017.0,2098.429939901296
2021-07-11 06:45:00+00:00,33485.83346599821,20826261289.0,2093.426904900253
2021-07-11 07:00:00+00:00,33436.192926898126,20805480216.0,2090.787070971252
2021-07-11 07:15:00+00:00,33471.376873599576,20756846509.0,2095.238332722595
2021-07-11 07:30:00+00:00,33541.424340630714,20721960579.0,2101.24981380101
2021-07-11 07:45:00+00:00,33510.70913944246,20689573083.0,2099.195041194469
2021-07-11 08:00:00+00:00,33510.72817998382,20564750123.0,2095.746361634078
2021-07-11 08:15:00+00:00,33724.08558084916,20609824246.0,2119.3376159490417
2021-07-11 08:30:00+00:00,33751.334436831414,20657089928.0,2118.8960409245337
2021-07-11 08:45:00+00:00,33713.754826151955,20523906752.0,2113.157434778748
2021-07-11 09:00:00+00:00,33677.67417559784,20419127453.0,2113.0415986143457
2021-07-11 09:15:00+00:00,33820.33957870923,20553192370.0,2125.707749129291
2021-07-11 09:30:00+00:00,33797.74365914527,20647814302.0,2125.4024194447898
2021-07-11 09:45:00+00:00,33750.715706503885,20631077058.0,2124.371092554577
2021-07-11 10:00:00+00:00,33805.66125150344,20577043228.0,2127.448316837178
2021-07-11 10:15:00+00:00,33746.63380500623,20588260544.0,2122.060129824575
2021-07-11 10:30:00+00:00,33719.09425148469,20535480867.0,2117.522599014706
2021-07-11 10:45:00+00:00,33776.539737916406,20431368264.0,2123.3961604932
2021-07-11 11:00:00+00:00,33746.75463291689,20306547750.0,2120.1135302644925
2021-07-11 11:15:00+00:00,33832.12753700512,20314955257.0,2128.1720688705145
2021-07-11 11:30:00+00:00,33771.34339335534,20218268307.0,2124.809823492386
2021-07-11 11:45:00+00:00,33843.64731932596,20167188187.0,2129.8493316072427
2021-07-11 12:00:00+00:00,33778.47292735677,20149291102.0,2125.751093135424
2021-07-11 12:15:00+00:00,33743.88611637485,20100172336.0,2125.7346049737043
2021-07-11 12:30:00+00:00,33807.021593558195,20109386526.0,2129.4487147234117
2021-07-11 12:45:00+00:00,33785.80999181469,20067659634.0,2126.184812580783
2021-07-11 13:00:00+00:00,33748.25433980623,19978814049.0,2121.574635484384
2021-07-11 13:15:00+00:00,33816.466012652854,20005315714.0,2125.3047665038257
2021-07-11 13:30:00+00:00,33867.457684199464,19965542982.0,2128.441172864816
2021-07-11 13:45:00+00:00,33952.72532899934,20046740549.0,2135.6482036584466
2021-07-11 14:00:00+00:00,33891.02238464767,20156911567.0,2133.901070526317
2021-07-11 14:15:00+00:00,33891.89110514868,20226360419.0,2132.720157538497
2021-07-11 14:30:00+00:00,33888.3945285268,20206121868.0,2137.8169963389005
2021-07-11 14:45:00+00:00,33961.95683343137,20246306155.0,2147.0755767478618
2021-07-11 15:00:00+00:00,33986.8835941896,20177845650.0,2143.9668826633965
2021-07-11 15:15:00+00:00,33968.57280820352,20205845806.0,2141.8602888601704
2021-07-11 15:30:00+00:00,33932.768317336224,20124544292.0,2140.8070103559007
2021-07-11 15:45:00+00:00,33976.55657152727,20088874065.0,2147.4191903599917
2021-07-11 16:00:00+00:00,33905.367606307496,20034114486.0,2138.361182536272
2021-07-11 16:15:00+00:00,33993.48270453738,19981650541.0,2149.755179318859
2021-07-11 16:30:00+00:00,33933.18993950159,19906006273.0,2148.8176225233497
2021-07-11 16:45:00+00:00,34033.743723782616,20028532840.0,2150.7348020322693
2021-07-11 17:00:00+00:00,34000.720817138,19859986597.0,2145.6869716714627
2021-07-11 17:15:00+00:00,33990.72557652071,19640179936.0,2144.622611144411
2021-07-11 17:30:00+00:00,33940.547272410775,19476214113.0,2143.455345473676
2021-07-11 17:45:00+00:00,33948.49793226428,19345324528.0,2145.941087576736
2021-07-11 18:00:00+00:00,33893.013722744225,19224894277.0,2139.248471120827
2021-07-11 18:15:00+00:00,33945.491959966814,19269170591.0,2141.5773532577923
2021-07-11 18:30:00+00:00,33984.13861666171,19262006643.0,2144.6235302091022
2021-07-11 18:45:00+00:00,33984.61267777493,19263960614.0,2143.8853581771773
2021-07-11 19:00:00+00:00,33992.141915190594,19173206769.0,2143.903934604402
2021-07-11 19:15:00+00:00,33947.88343605447,19133282028.0,2138.571245587311
2021-07-11 19:30:00+00:00,33929.90039965275,19127516674.0,2138.2335337135323
2021-07-11 19:45:00+00:00,33903.52752766742,19115633377.0,2136.0087256829406
2021-07-11 20:00:00+00:00,33983.81673760807,19063849355.0,2142.0207083078403
2021-07-11 20:15:00+00:00,33946.977258105166,18900537256.0,2136.429019147589
2021-07-11 20:30:00+00:00,33924.797485188494,18872169531.0,2135.47787295964
2021-07-11 20:45:00+00:00,33878.96918977823,18826528670.0,2132.273747688688
2021-07-11 21:00:00+00:00,33887.89081449464,18829477168.0,2132.926110885895
2021-07-11 21:15:00+00:00,34185.088061090784,19048354726.0,2144.926397559621
2021-07-11 21:30:00+00:00,34470.78710985125,19528991875.0,2166.198755768409
2021-07-11 21:45:00+00:00,34485.84606167217,19658020635.0,2165.0036730445045
2021-07-11 22:00:00+00:00,34483.67738247986,19904626099.0,2168.668025426189
2021-07-11 22:15:00+00:00,34421.44375838022,19997138583.0,2159.8435605198893
2021-07-11 22:30:00+00:00,34394.4133718765,20032908511.0,2153.665648995707
2021-07-11 22:45:00+00:00,34385.52357041541,20083119948.0,2149.588086455391
2021-07-11 23:00:00+00:00,34285.74976965855,20019271221.0,2141.5397200918
2021-07-11 23:15:00+00:00,34285.18083612681,20094322939.0,2140.567737994651
2021-07-11 23:30:00+00:00,34259.411693885464,20134834945.0,2139.199694214652
2021-07-11 23:45:00+00:00,34240.18701073801,20108729370.0,2139.6647416134206
